Symbol,Name,Last Price,Date - Time Last Price,+/-,%+/-
III,3I GROUP PLC,1036.50,3/4/20 -&nbsp13:51:32,+16.50,+1.62
3IN,3I INFRASTRUCTURE PLC,303.50,3/4/20 -&nbsp12:41:34,+3.50,+1.17
FOUR,4IMPRINT GROUP PLC,3100.00,3/4/20 -&nbsp13:29:59,-30.00,-0.96
888,888 HOLDINGS PLC,111.30,3/4/20 -&nbsp13:40:41,+5.10,+4.81
AA,AA PLC,42.20,3/4/20 -&nbsp13:38:24,-1.54,-3.52
AAIF,ABERDEEN ASIAN INCOME FUND L,197.50,3/3/20 -&nbsp16:26:45,+1.00,+0.51
AAS,ABERDEEN ASIAN SMALLER COS-O,982.00,3/2/20 -&nbsp12:37:12,-16.00,-1.60
ADIG,ABERDEEN DIVERSIFIED INCOME AN,104.00,2/28/20 -&nbsp14:46:38,-5.00,-4.59
AEMC,ABERDEEN EMERGING MARKETS IN,553.00,2/28/20 -&nbsp14:57:55,-18.00,-3.15
ALAI,ABERDEEN LATIN AMERICAN INCO,71.00,11/25/19 -&nbsp16:19:56,+5.60,+8.56
ABD,ABERDEEN NEW DAWN INV TRUST,263.00,2/12/20 -&nbsp14:53:54,+18.00,+7.35
ANII,ABERDEEN NEW INDIA INVESTMEN,444.00,3/3/20 -&nbsp14:58:26,+1.00,+0.23
ANW,ABERDEEN NEW THAI INV TR-ORD,570.00,10/23/19 -&nbsp16:05:32,+105.00,+22.58
ASEI,ABERDEEN STANDARD EQUITY INC,397.00,2/10/20 -&nbsp13:05:32,+42.50,+11.99
ASLI,ABERDEEN STANDARD EUROPEAN,87.00,3/4/20 -&nbsp08:29:52,-0.20,-0.23
ASL,ABERFORTH SMALLER COS-ORD,1264.00,3/4/20 -&nbsp13:13:00,+24.00,+1.94
ASIT,ABERFORTH SPLIT LEVEL INCOME,88.50,2/19/20 -&nbsp10:36:51,+15.00,+20.41
ACID,ACER INC-SPONSORED GDR REG S,-,-,-,-
AKRN,ACRON PJSC-SPONS REG S GDR,-,-,-,-
ADES,ADES INTERNATIONAL HOLDING,11.30,3/4/20 -&nbsp12:55:49,-0.15,-1.31
ADM,ADMIRAL GROUP PLC,2196.00,3/4/20 -&nbsp13:50:02,+10.00,+0.46
ADT1,ADRIATIC METALS PLC,86.80,2/24/20 -&nbsp15:10:28,+17.40,+25.07
AGK,AGGREKO PLC,711.40,3/4/20 -&nbsp13:50:06,+2.40,+0.31
AIBG,AIB GROUP PLC,2.04,3/3/20 -&nbsp10:45:46,+0.08,+4.04
AIR,AIR PARTNER PLC,74.00,3/2/20 -&nbsp12:11:57,+1.30,+1.79
AAF,AIRTEL AFRICA PLC,64.28,3/4/20 -&nbsp13:40:03,+1.33,+2.10
AJB,AJ BELL PLC,364.00,3/4/20 -&nbsp13:39:03,+4.00,+1.11
AEFS,ALCENTRA EUROPEAN FLOATING R,97.40,1/31/20 -&nbsp09:57:14,-4.60,-4.51
ALFA,ALFA FINANCIAL SOFTWARE HOLD,84.00,2/27/20 -&nbsp12:28:06,-1.00,-1.18
ATST,ALLIANCE TRUST PLC,779.00,3/3/20 -&nbsp16:29:29,+2.00,+0.26
ATT,ALLIANZ TECHNOLOGY TRUST PLC,1764.00,3/3/20 -&nbsp14:38:06,+10.00,+0.57
ALM,ALLIED MINDS PLC,32.00,2/28/20 -&nbsp08:51:02,-0.45,-1.39
ALF,ALTERNATIVE LIQUIDITY FUND L,0.08,2/27/20 -&nbsp08:05:21,-0.00,-3.03
ALTN,ALTYN PLC,0.61,2/21/20 -&nbsp13:21:57,-0.02,-2.40
ALBH,ALUMINIUM BAHRAIN -GDR REG S,-,-,-,-
AMGO,AMIGO HOLDINGS PLC,43.00,3/4/20 -&nbsp13:04:23,+3.90,+9.97
AAL,ANGLO AMERICAN PLC,1939.60,3/4/20 -&nbsp13:51:31,+36.60,+1.92
APF,ANGLO PACIFIC GROUP PLC,141.00,3/3/20 -&nbsp16:29:58,+2.00,+1.44
AEP,ANGLO-EASTERN PLANTATIONS,490.00,3/2/20 -&nbsp13:35:33,-30.00,-5.77
ANTO,ANTOFAGASTA PLC,802.80,3/4/20 -&nbsp13:50:08,+24.20,+3.11
AO,AO WORLD PLC,64.30,3/3/20 -&nbsp09:11:21,-0.20,-0.31
APAX,APAX GLOBAL ALPHA LTD,160.00,3/3/20 -&nbsp16:26:10,-1.00,-0.62
AERI,AQUILA EUROPEAN RENEWABLES,1.08,2/18/20 -&nbsp13:14:17,+0.02,+1.40
AERS,AQUILA EUROPEAN RENEWABLES I,-,-,-,-
DOMT,ARABIAN FOOD INDUSTRIES COMP,-,-,-,-
ARW,ARROW GLOBAL GROUP PLC,229.20,3/4/20 -&nbsp13:36:07,-3.00,-1.29
ATS,ARTEMIS ALPHA TRUST PLC-ORD,345.00,1/17/20 -&nbsp12:04:04,+49.00,+16.55
ASAI,ASA INTERNATIONAL GROUP PLC,268.00,2/20/20 -&nbsp15:19:36,+8.00,+3.08
ASCL,ASCENTIAL PLC,335.00,3/4/20 -&nbsp13:48:32,+4.60,+1.39
ALY,ASHLEY (LAURA) HOLDINGS PLC,2.50,2/21/20 -&nbsp08:25:38,+0.82,+49.25
AGOU,ASHMORE GLOBAL OPPORT-USD,-,-,-,-
ASHM,ASHMORE GROUP PLC,476.60,3/4/20 -&nbsp13:48:44,+0.00,+0.00
AHT,ASHTEAD GROUP PLC,2370.00,3/4/20 -&nbsp13:51:08,-38.00,-1.58
DGN,ASIA DRAGON TRUST PLC,399.25,3/3/20 -&nbsp13:58:48,-2.75,-0.68
ABF,ASSOCIATED BRITISH FOODS PLC,2276.00,3/4/20 -&nbsp13:51:10,-3.00,-0.13
AGR,ASSURA PLC,78.70,3/4/20 -&nbsp13:51:24,+0.80,+1.03
AML,ASTON MARTIN LAGONDA GLOB,302.40,3/4/20 -&nbsp13:42:40,+9.60,+3.28
AZN,ASTRAZENECA PLC,7384.00,3/4/20 -&nbsp13:50:11,+212.00,+2.96
AUTO,AUTO TRADER GROUP PLC,522.60,3/4/20 -&nbsp13:50:05,+6.00,+1.16
AVGR,AVANGARDCO INVESTM-REG S GDR,-,-,-,-
AVST,AVAST PLC,405.40,3/4/20 -&nbsp13:50:03,-4.80,-1.17
AVV,AVEVA GROUP PLC,4546.00,3/4/20 -&nbsp13:50:06,+12.00,+0.26
AGT,AVI GLOBAL TRUST PLC,716.00,3/3/20 -&nbsp13:07:19,+1.00,+0.14
AJOT,AVI JAPAN OPPORTUNITY TRUST,108.50,2/21/20 -&nbsp15:58:30,+7.25,+7.16
AV,AVIVA PLC,353.00,3/4/20 -&nbsp13:51:28,+7.00,+2.02
AVM,AVOCET MINING PLC,-,-,-,-
AVON,AVON RUBBER PLC,2690.00,3/4/20 -&nbsp13:42:46,+15.00,+0.56
AXB,AXIS BANK LTD- GDR REG S,46.25,3/4/20 -&nbsp09:26:59,-1.10,-2.32
BME,B&M EUROPEAN VALUE RETAIL SA,336.00,3/4/20 -&nbsp13:51:00,-0.90,-0.21
BAB,BABCOCK INTL GROUP PLC,443.50,3/4/20 -&nbsp13:51:34,+1.20,+0.27
BA,BAE SYSTEMS PLC,616.60,3/4/20 -&nbsp13:50:59,+4.60,+0.75
BGFD,BAILLIE GIFFORD JAPAN TRUST,701.00,3/4/20 -&nbsp11:32:40,+11.00,+1.59
BGS,BAILLIE GIFFORD SHIN NIPPON,149.40,3/3/20 -&nbsp15:45:52,+1.60,+1.08
BGUK,BAILLIE GIFFORD UK GROWTH FD,181.50,2/27/20 -&nbsp15:32:10,-4.75,-2.55
USA,BAILLIE GIFFORD US GROWTH,150.25,3/3/20 -&nbsp14:28:31,+1.25,+0.84
BAKK,BAKKAVOR GROUP PLC,107.60,3/4/20 -&nbsp13:41:13,+2.60,+2.48
BBY,BALFOUR BEATTY PLC,246.80,3/4/20 -&nbsp13:38:33,+3.40,+1.40
BNC,BANCO SANTANDER SA,286.40,3/3/20 -&nbsp15:43:36,+1.65,+0.58
BQAD,BANK AUDI SAL- REG S GDR,-,-,-,-
BKM,BANK MUSCAT SAOG-GDR REG S,-,-,-,-
BOCH,BANK OF CYPRUS HOLDINGS PLC,1.16,2/28/20 -&nbsp10:28:50,-0.14,-11.08
BIRG,BANK OF IRELAND GROUP PLC,3.30,3/4/20 -&nbsp10:26:31,+0.07,+2.10
BPKD,BANK PEKAO SA-REG S GDR,-,-,-,-
BNKR,BANKERS INVESTMENT TRUST,951.50,3/4/20 -&nbsp08:59:04,+5.50,+0.58
BARC,BARCLAYS PLC,140.72,3/4/20 -&nbsp13:51:05,+1.16,+0.83
BEE,BARING EMERGING EUROPE PLC,-,-,-,-
BAG,BARR (A.G.) PLC,548.00,3/4/20 -&nbsp13:29:53,+2.00,+0.37
BDEV,BARRATT DEVELOPMENTS PLC,777.80,3/4/20 -&nbsp13:51:35,+20.00,+2.64
BVC,BATM ADVANCED COMMUNICATIONS,42.00,3/4/20 -&nbsp08:50:19,-3.40,-7.49
BBH,BB HEALTHCARE TRUST PLC,139.50,3/4/20 -&nbsp12:20:47,-2.00,-1.41
BBGI,BBGI SICAV SA,159.75,3/4/20 -&nbsp10:59:59,-0.25,-0.16
BEZ,BEAZLEY PLC,537.00,3/4/20 -&nbsp13:48:47,+7.00,+1.32
BWY,BELLWAY PLC,3799.00,3/4/20 -&nbsp13:51:33,+15.00,+0.40
BKG,BERKELEY GROUP HOLDINGS,4910.00,3/4/20 -&nbsp13:50:00,+95.00,+1.97
BGEU,BG EUROPEAN GROWTH TRUST PLC,924.00,2/10/20 -&nbsp12:11:19,+74.00,+8.71
BGEO,BGEO GROUP PLC,1682.00,3/4/20 -&nbsp13:38:01,-4.00,-0.24
BHGG,BH GLOBAL LTD-GBP SHRS,1510.00,2/24/20 -&nbsp14:48:38,+15.00,+1.00
BHGU,BH GLOBAL LTD-USD SHRS,-,-,-,-
BHMG,BH MACRO LTD,2630.00,2/20/20 -&nbsp16:00:22,+45.00,+1.74
BHMU,BH MACRO LTD - USD,-,-,-,-
BHP,BHP BILLITON PLC,1505.3,3/4/20 -&nbsp13:51:14,42.5,2.91
BIFF,BIFFA PLC,287.0,3/4/20 -&nbsp13:25:58,1.0,0.35
BYG,BIG YELLOW GROUP PLC,1150.0,3/4/20 -&nbsp13:51:01,17.0,1.5
BIOG,BIOTECH GROWTH TRUST PLC/THE,972.0,3/3/20 -&nbsp09:29:30,12.0,1.25
BERI,BLACKROCK ENERGY & RESOURCES,63.9,2/24/20 -&nbsp10:46:59,4.9,8.31
BRFI,BLACKROCK FRONTIERS INVEST,107.5,3/3/20 -&nbsp14:44:19,0.25,0.23
BRGE,BLACKROCK GREATER EUROPE INV,414.0,1/28/20 -&nbsp13:18:20,19.0,4.81
BRLA,BLACKROCK LATIN AMERICAN INV,416.0,3/2/20 -&nbsp16:12:31,-8.0,-1.89
BRNA,BLACKROCK NORTH AMERICAN INC,172.0,3/4/20 -&nbsp12:48:54,5.0,2.99
BRSC,BLACKROCK SMALLER COMPANIES,1570.0,3/3/20 -&nbsp16:17:28,40.0,2.61
THRG,BLACKROCK THROGMORTON TRUST,596.0,3/2/20 -&nbsp16:28:48,-28.0,-4.49
BRWM,BLACKROCK WORLD MINING TRUST,320.0,3/2/20 -&nbsp14:13:37,-15.0,-4.48
BLBD,BLOM BANK SAL-REG S GDR,2.0,2/24/20 -&nbsp13:24:10,0.3,17.65
BMY,BLOOMSBURY PUBLISHING PLC,248.0,3/4/20 -&nbsp12:32:56,-11.0,-4.25
BSIF,BLUEFIELD SOLAR INCOME FUND,136.5,3/3/20 -&nbsp14:19:40,-2.0,-1.44
BCI,BMO CAPITAL & INCOME INVESTMEN,327.5,11/8/19 -&nbsp14:32:25,10.5,3.31
BCPT,BMO COMMERCIAL PROPERTY TRUST,97.4,3/4/20 -&nbsp12:20:19,0.0,0.0
BGSC,BMO GLOBAL SMALLER COMPANIES,130.3,3/4/20 -&nbsp09:53:08,0.9,0.7
BPET,BMO PRIVATE EQUITY TRUST PLC,386.0,1/16/20 -&nbsp11:41:33,16.0,4.32
BREI,BMO REAL ESTATE INVESTMENTS LT,77.2,3/3/20 -&nbsp15:02:18,2.0,2.66
BOY,BODYCOTE PLC,768.50,3/4/20 -&nbsp13:50:13,+1.00,+0.13
BOOT,BOOT (HENRY) PLC,318.00,3/3/20 -&nbsp16:25:34,0.00,+0.00
BP,BP PLC,420.95,3/4/20 -&nbsp13:51:28,+6.00,+1.45
BRW,BREWIN DOLPHIN HOLDINGS PLC,308.20,3/4/20 -&nbsp13:48:54,-1.00,-0.32
BATS,BRITISH AMERICAN TOBACCO PLC,3185.00,3/4/20 -&nbsp13:50:00,+85.50,+2.76
BLND,BRITISH LAND CO PLC,507.60,3/4/20 -&nbsp13:51:28,+3.40,+0.67
BVIC,BRITVIC PLC,898.50,3/4/20 -&nbsp13:43:07,+16.50,+1.87
BWNG,BROWN (N) GROUP PLC,56.20,3/4/20 -&nbsp11:46:41,-0.65,-1.14
BUT,BRUNNER INVESTMENT TRUST PLC,910.00,2/21/20 -&nbsp09:14:25,+60.00,+7.06
BT,BT GROUP PLC,140.44,3/4/20 -&nbsp13:51:31,+0.78,+0.56
BNZL,BUNZL PLC,1983.50,3/4/20 -&nbsp13:49:11,+23.00,+1.15
BRBY,BURBERRY GROUP PLC,1704.00,3/4/20 -&nbsp13:51:31,+1.50,+0.09
CCR,C&C GROUP PLC,337.00,3/4/20 -&nbsp13:45:40,+7.00,+2.12
CVH,CABLEVISION HOLDING S.A.,-,-,-,-
CNE,CAIRN ENERGY PLC,140.70,3/4/20 -&nbsp13:49:27,+3.70,+2.70
CLDN,CALEDONIA INVESTMENTS PLC,2900.00,3/2/20 -&nbsp13:32:44,-75.00,-2.52
CLSN,CALISEN PLC,221.00,3/4/20 -&nbsp10:52:17,0.00,+0.00
CPI,CAPITA PLC,128.85,3/4/20 -&nbsp13:43:59,+0.45,+0.35
CAPC,CAPITAL & COUNTIES PROPERTIE,207.00,3/4/20 -&nbsp13:51:05,-1.90,-0.91
CAL,CAPITAL & REGIONAL PLC,193.90,3/3/20 -&nbsp16:28:39,-1.10,-0.56
CGT,CAPITAL GEARING TRUST-ORD,4440.00,3/4/20 -&nbsp11:08:52,+40.00,+0.91
CAR,CARCLO PLC,8.30,2/12/20 -&nbsp15:28:16,-1.34,-13.86
CARD,CARD FACTORY PLC,81.40,3/4/20 -&nbsp12:58:24,-2.60,-3.10
CCL,CARNIVAL PLC,2371.00,3/4/20 -&nbsp13:48:50,+42.00,+1.80
CARR,CARR'S GROUP PLC,147.00,2/20/20 -&nbsp14:59:30,+11.00,+8.09
CGS,CASTINGS PLC,388.00,2/26/20 -&nbsp16:27:14,-4.00,-1.02
CEY,CENTAMIN PLC,140.90,3/4/20 -&nbsp13:46:59,-0.30,-0.21
TRCN,CENTER FOR CARGO CONTAINER TRA,-,-,-,-
CAML,CENTRAL ASIA METALS PLC,182.80,3/4/20 -&nbsp12:58:12,+1.20,+0.66
CNA,CENTRICA PLC,75.76,3/4/20 -&nbsp13:51:33,+2.00,+2.71
CAY,CHARLES STANLEY GROUP PLC,340.00,1/27/20 -&nbsp08:15:43,+54.00,+18.88
CHG,CHEMRING GROUP PLC,253.50,3/4/20 -&nbsp13:26:53,+3.00,+1.20
CSN,CHESNARA PLC,275.00,3/4/20 -&nbsp13:20:51,+1.00,+0.36
CINE,CINEWORLD GROUP PLC,137.75,3/4/20 -&nbsp13:51:00,+3.80,+2.84
CMHY,CITY MERCHANTS HIGH YIELD TR,-,-,-,-
CYN,CITY NATURAL RESOURCES HI Y,77.00,2/27/20 -&nbsp16:00:10,+3.00,+4.05
CLIG,CITY OF LONDON INVESTMENT GR,410.00,3/4/20 -&nbsp08:41:54,-19.00,-4.43
CTY,CITY OF LONDON INVESTMENT TR,401.00,3/4/20 -&nbsp12:41:23,+8.00,+2.04
CSH,CIVITAS SOCIAL HOUSING PLC,99.80,3/4/20 -&nbsp13:47:13,+0.00,+0.00
CTO,CLARKE (T.) PLC,105.00,2/28/20 -&nbsp11:14:33,-8.50,-7.49
CKN,CLARKSON PLC,2550.00,3/4/20 -&nbsp12:27:22,0.00,+0.00
CLG,CLIPPER LOGISTICS PLC,270.00,3/4/20 -&nbsp08:14:51,-2.00,-0.74
CBG,CLOSE BROTHERS GROUP PLC,1279.00,3/4/20 -&nbsp13:45:05,0.00,+0.00
CLI,CLS HOLDINGS PLC,256.50,3/4/20 -&nbsp12:12:43,+4.50,+1.79
CMCX,CMC MARKETS PLC,180.00,3/4/20 -&nbsp13:26:35,+4.40,+2.51
COA,COATS GROUP PLC,59.10,3/4/20 -&nbsp13:40:31,+0.10,+0.17
CCEP,COCA-COLA EUROPEAN PARTNERS,49.02,2/7/20 -&nbsp15:52:59,+2.88,+6.23
CBQS,COMMERCIAL BANK-GDR REGS,-,-,-,-
CBKD,COMMERCIAL INTL BANK-GDR REG,4.88,3/4/20 -&nbsp13:06:29,-0.02,-0.41
CPG,COMPASS GROUP PLC,1680.50,3/4/20 -&nbsp13:50:05,-32.50,-1.90
CCC,COMPUTACENTER PLC,1671.00,3/4/20 -&nbsp13:19:10,-5.00,-0.30
CNCT,CONNECT GROUP PLC,29.50,2/26/20 -&nbsp15:07:30,+2.35,+8.66
CSRT,CONSORT MEDICAL PLC,1005.00,3/4/20 -&nbsp13:38:06,0.00,+0.00
GLO,CONTOURGLOBAL PLC,181.60,3/4/20 -&nbsp10:29:15,+6.60,+3.77
CTEC,CONVATEC GROUP PLC-WI,189.30,3/4/20 -&nbsp13:49:21,-3.25,-1.69
COST,COSTAIN GROUP PLC,175.10,3/4/20 -&nbsp12:24:06,+2.70,+1.57
CSP,COUNTRYSIDE PROPERTIES PLC,493.20,3/4/20 -&nbsp13:40:13,+3.40,+0.69
CWD,COUNTRYWIDE PLC,303.00,3/4/20 -&nbsp13:07:09,+6.40,+2.16
NCYF,CQS NEW CITY HIGH YIELD FUND,55.40,2/28/20 -&nbsp12:19:40,-3.20,-5.46
CWK,CRANSWICK PLC,3528.00,3/4/20 -&nbsp13:41:49,+78.00,+2.26
CRST,CREST NICHOLSON HOLDINGS,461.0,3/4/20 -&nbsp13:51:33,5.4,1.19
CRH,CRH PLC,2790.0,3/4/20 -&nbsp13:27:28,33.0,1.2
CRDA,CRODA INTERNATIONAL PLC,4794.0,3/4/20 -&nbsp13:51:27,48.0,1.05
CREI,CUSTODIAN REIT PLC,110.4,3/3/20 -&nbsp16:28:40,-0.4,-0.36
CCPE,CVC CREDIT PARTNERS EUROPEAN,0.97,12/2/19 -&nbsp09:07:23,0.0,0.0
CCPG,CVC CREDIT PARTNERS EUROPEAN,100.75,3/2/20 -&nbsp11:02:23,1.55,1.56
DJAN,DAEJAN HOLDINGS PLC,8000.0,3/4/20 -&nbsp13:41:06,10.0,0.13
DMGT,DAILY MAIL&GENERAL TST-A NV,751.0,3/4/20 -&nbsp13:49:13,7.0,0.94
DCC,DCC PLC,5700.0,3/4/20 -&nbsp13:48:48,56.0,0.99
DLAR,DE LA RUE PLC,129.6,3/4/20 -&nbsp13:27:08,-3.0,-2.26
DPH,DECHRA PHARMACEUTICALS PLC,2750.0,3/4/20 -&nbsp13:49:01,40.0,1.48
DLN,DERWENT LONDON PLC,4160.0,3/4/20 -&nbsp13:51:12,36.0,0.87
DVO,DEVRO PLC,155.6,3/4/20 -&nbsp13:17:23,8.6,5.85
DFS,DFS FURNITURE PLC,233.5,3/3/20 -&nbsp16:21:33,-1.5,-0.64
DGE,DIAGEO PLC,2836.0,3/4/20 -&nbsp13:48:33,15.5,0.55
DIA,DIALIGHT PLC,285.0,2/6/20 -&nbsp15:36:45,54.0,23.38
DTY,DIGNITY PLC,595.0,3/4/20 -&nbsp11:28:48,0.0,0.0
DPLM,DIPLOMA PLC,1953.0,3/4/20 -&nbsp13:41:24,4.0,0.21
DLG,DIRECT LINE INSURANCE GROUP,331.5,3/4/20 -&nbsp13:51:11,7.5,2.31
DSCV,DISCOVERIE GROUP PLC,528.0,3/4/20 -&nbsp13:22:22,-16.0,-2.94
DIVI,DIVERSE INCOME TRUST PLC/THE,95.60,2/11/20 -&nbsp11:20:15,+10.00,+11.68
DC,DIXONS CARPHONE PLC,118.05,3/4/20 -&nbsp13:48:40,+3.05,+2.65
DOM,DOMINO,310.30,3/4/20 -&nbsp13:32:19,+1.80,+0.58
DPEU,DP EURASIA NV,57.90,2/28/20 -&nbsp14:44:29,-1.10,-1.86
DRX,DRAX GROUP PLC,267.60,3/4/20 -&nbsp13:42:14,+1.00,+0.38
SMDS,DS SMITH PLC,332.45,3/4/20 -&nbsp13:49:16,+9.95,+3.09
DNE,DUNEDIN ENTERPRISE-ORD,-,-,-,-
DIG,DUNEDIN INCOME GROWTH INV TR,302.00,2/20/20 -&nbsp15:00:18,+17.50,+6.15
DNLM,DUNELM GROUP PLC,1107.00,3/4/20 -&nbsp13:43:05,+4.00,+0.36
DWF,DWF GROUP PLC,142.30,2/7/20 -&nbsp16:19:08,+2.30,+1.64
EZJ,EASYJET PLC,1070.00,3/4/20 -&nbsp13:50:39,0.00,+0.00
EGL,ECOFIN GLOBAL UTILITIES AND,167.00,3/3/20 -&nbsp11:46:14,+0.25,+0.15
EDIN,EDINBURGH INVESTMENT TRUST,547.00,3/4/20 -&nbsp10:18:53,+7.00,+1.30
EWI,EDINBURGH WORLDWIDE INV TR,196.00,3/3/20 -&nbsp16:14:13,+2.40,+1.24
EPIC,EDISTON PROPERTY INVESTMENT,79.00,3/2/20 -&nbsp15:39:23,+1.80,+2.33
EFID,EDITA FOOD INDUSTRIES-REG S,-,-,-,-
EFGD,EFG-HERMES HOLDINGS-GDR,-,-,-,-
EIG,EI GROUP PLC,284.60,2/28/20 -&nbsp16:29:23,+0.00,+0.00
ELTA,ELECTRA PRIVATE EQUITY PLC,410.00,12/23/19 -&nbsp11:48:17,+85.00,+26.15
ELSA,ELECTRICA SA-GDR-REG S,-,-,-,-
ECM,ELECTROCOMPONENTS PLC,619.00,3/4/20 -&nbsp13:38:47,+0.80,+0.13
ELM,ELEMENTIS PLC,99.75,3/4/20 -&nbsp13:41:47,+1.60,+1.63
ESP,EMPIRIC STUDENT PROPERTY PLC,97.70,3/4/20 -&nbsp13:32:13,+2.10,+2.20
ENPL,EN+ GROUP PLC- REG S,9.80,12/17/19 -&nbsp14:11:44,-0.80,-7.55
ENOG,ENERGEAN OIL & GAS PLC,679.00,3/4/20 -&nbsp13:10:56,+2.00,+0.30
ENQ,ENQUEST PLC,21.06,3/4/20 -&nbsp13:48:57,+0.24,+1.15
EPG,EP GLOBAL OPPORTUNITIES TR,-,-,-,-
EQN,EQUINITI GROUP PLC,207.00,3/4/20 -&nbsp12:59:02,+4.00,+1.97
ESNT,ESSENTRA PLC,341.00,3/4/20 -&nbsp12:34:49,-2.00,-0.58
ETLN,ETALON GROUP PLC-GDR REG S,1.85,3/4/20 -&nbsp11:15:19,-0.04,-2.12
ERM,EUROMONEY INSTL INVESTOR PLC,1092.00,3/4/20 -&nbsp13:49:12,+20.00,+1.87
EVR,EVRAZ PLC,331.40,3/4/20 -&nbsp13:40:11,+0.70,+0.21
EXI,EXILLON ENERGY PLC,-,-,-,-
EXPN,EXPERIAN PLC,2816.00,3/4/20 -&nbsp13:51:24,+4.00,+0.14
FCIT,F&C INVESTMENT TRUST PLC,707.50,3/3/20 -&nbsp12:23:28,+12.50,+1.80
FDM,FDM GROUP HOLDINGS PLC,899.00,3/4/20 -&nbsp13:29:55,+14.00,+1.58
FEES,FEDERAL GRID CO-GDR REG S,-,-,-,-
FERG,FERGUSON PLC,7122.00,3/4/20 -&nbsp13:51:28,+120.00,+1.71
FXPO,FERREXPO PLC,137.10,3/4/20 -&nbsp13:37:52,+1.40,+1.03
FAS,FIDELITY ASIAN VALUES PLC,365.00,3/3/20 -&nbsp15:17:27,0.00,+0.00
FCSS,FIDELITY CHINA SPECIAL SITUA,233.00,3/4/20 -&nbsp11:26:27,0.00,+0.00
FEV,FIDELITY EUROPEAN VALUES PLC,253.50,3/4/20 -&nbsp08:51:48,+3.50,+1.40
FJV,FIDELITY JAPANESE VALUES PLC,154.50,2/26/20 -&nbsp16:06:12,+5.00,+3.34
FSV,FIDELITY SPECIAL VALUES PLC,240.50,3/4/20 -&nbsp10:15:37,0.00,+0.00
FIN,FINABLR PLC,47.98,3/4/20 -&nbsp13:46:23,-2.92,-5.74
FGT,FINSBURY GR&INC TRUST-ORD,837.00,3/4/20 -&nbsp13:29:56,+8.00,+0.97
FGP,FIRSTGROUP PLC,116.70,3/4/20 -&nbsp13:50:13,-0.30,-0.26
FLTR,FLUTTER ENTERTAINMENT PLC,8660.00,3/4/20 -&nbsp13:41:47,+20.00,+0.23
FPG,FONDUL PROPRIETATEA SA/FUND,-,-,-,-
FSFL,FORESIGHT SOLAR FUND PLC,118.00,3/4/20 -&nbsp13:17:11,+2.00,+1.72
FORT,FORTERRA PLC,328.00,3/4/20 -&nbsp13:49:37,-2.00,-0.61
FOXT,FOXTONS GROUP PLC,77.50,3/4/20 -&nbsp13:40:14,+0.10,+0.13
FRAS,FRASERS GROUP PLC,374.90,3/4/20 -&nbsp13:51:25,+13.50,+3.74
FCCN,FRENCH CONNECTION GROUP PLC,22.00,2/5/20 -&nbsp09:55:57,+2.00,+10.00
FRES,FRESNILLO PLC,653.20,3/4/20 -&nbsp13:48:02,+3.40,+0.52
FSTA,FULLER SMITH & TURNER - A,840.00,3/2/20 -&nbsp10:01:10,-2.00,-0.24
FCH,FUNDING CIRCLE HOLDINGS,76.90,3/4/20 -&nbsp10:28:25,+1.20,+1.59
FEET,FUNDSMITH EMERGING EQ TRUST,1085.00,2/27/20 -&nbsp10:02:12,+15.00,+1.40
FUTR,FUTURE PLC,1180.00,3/4/20 -&nbsp13:48:01,+4.00,+0.34
GFS,G4S PLC,159.35,3/4/20 -&nbsp13:51:12,+2.45,+1.56
GAID,GAIL INDIA LTD-REG S GDR,8.04,3/2/20 -&nbsp14:57:46,-0.48,-5.63
GFRD,GALLIFORD TRY PLC,153.54,3/4/20 -&nbsp13:35:00,2.68,1.78
GAW,GAMES WORKSHOP GROUP PLC,6690.0,3/4/20 -&nbsp13:40:18,75.0,1.13
GYS,GAMESYS GROUP PLC,705.0,3/4/20 -&nbsp08:41:55,-8.0,-1.12
GAZ,GAZPROM NEFT-SPONSORED ADR,30.95,3/2/20 -&nbsp08:12:09,0.35,1.14
OGZD,GAZPROM PAO -SPON ADR,6.11,3/4/20 -&nbsp13:50:05,0.1,1.6
GABI,GCP ASSET BACKED INCOME FUND,106.5,2/24/20 -&nbsp15:55:54,3.5,3.4
GCP,GCP INFRASTRUCTURE INVESTMEN,126.0,3/4/20 -&nbsp12:05:43,3.0,2.44
DIGS,GCP STUDENT LIVING PLC,194.6,3/4/20 -&nbsp13:46:55,-0.4,-0.21
GEMD,GEM DIAMONDS LTD,63.0,2/25/20 -&nbsp14:37:03,8.0,14.55
GENL,GENEL ENERGY PLC,149.8,3/4/20 -&nbsp13:12:03,1.4,0.94
GSS,GENESIS EMERGING MARKETS,746.0,3/3/20 -&nbsp16:17:05,3.0,0.4
GNS,GENUS PLC,3527.0,3/4/20 -&nbsp13:41:22,111.0,3.25
CGEO,GEORGIA CAPITAL PLC,703.0,3/4/20 -&nbsp11:54:07,-30.0,-4.09
GHG,GEORGIA HEALTHCARE GROUP PLC,111.0,3/4/20 -&nbsp12:02:02,5.5,5.21
GLB,GLANBIA PLC,10.68,3/2/20 -&nbsp10:11:17,-0.67,-5.9
GSK,GLAXOSMITHKLINE PLC,1642.6,3/4/20 -&nbsp13:51:28,34.6,2.15
GLEN,GLENCORE PLC,196.0,3/4/20 -&nbsp13:51:28,4.68,2.48
GLV,GLENVEAGH PROPERTIES PLC,0.78,2/27/20 -&nbsp12:29:25,-0.02,-2.31
GPH,GLOBAL PORTS HOLDING PLC,187.5,3/2/20 -&nbsp16:29:06,-0.25,-0.13
GLPR,GLOBAL PORTS INV-GDR REG S,2.94,11/29/19 -&nbsp10:29:27,-0.46,-13.53
GLTR,GLOBALTRA-SPONS GDR REG S,7.24,3/4/20 -&nbsp13:14:39,+0.02,+0.28
GOG,GO-AHEAD GROUP PLC,1907.00,3/4/20 -&nbsp13:48:38,+1.00,+0.05
GOCO,GOCO GROUP PLC,75.10,3/4/20 -&nbsp13:28:13,-0.90,-1.18
GDWN,GOODWIN PLC,3360.00,1/27/20 -&nbsp14:03:05,+600.00,+21.74
GSF,GORE STREET ENERGY STORAGE,101.00,2/14/20 -&nbsp15:56:18,+4.50,+4.66
GFTU,GRAFTON GROUP PLC-UTS,854.50,3/4/20 -&nbsp13:38:00,+3.00,+0.35
GRI,GRAINGER PLC,305.60,3/4/20 -&nbsp13:48:23,+0.20,+0.07
GPOR,GREAT PORTLAND ESTATES PLC,882.40,3/4/20 -&nbsp13:47:23,+12.20,+1.40
UKW,GREENCOAT UK WIND PLC,144.40,3/4/20 -&nbsp13:48:31,+1.40,+0.98
GNC,GREENCORE GROUP PLC,220.70,3/4/20 -&nbsp13:51:25,+6.70,+3.13
GRG,GREGGS PLC,2160.00,3/4/20 -&nbsp13:40:10,-6.00,-0.28
GCLA,GRUPO CLARIN-GDR CL B REG S,-,-,-,-
GRTB,GUARANTY TRUST BANK-GDR REGS,4.28,1/20/20 -&nbsp11:24:37,+0.98,+29.70
GIF,GULF INVESTMENT FUND PLC,-,-,-,-
GMS,GULF MARINE SERVICES PLC,5.00,2/28/20 -&nbsp16:21:43,-0.16,-3.10
GVC,GVC HOLDINGS PLC,813.20,3/4/20 -&nbsp13:51:33,+10.60,+1.32
GYM,GYM GROUP PLC/THE,255.50,3/4/20 -&nbsp13:47:15,-0.50,-0.20
HWSL,HADRIANS WALL SECURED INVEST,-,-,-,-
HFD,HALFORDS GROUP PLC,136.60,3/4/20 -&nbsp13:39:15,+0.10,+0.07
HLMA,HALMA PLC,2088.0,3/4/20 -&nbsp13:51:30,34.0,1.66
HSBK,HALYK SAVINGS BANK-GDR REG S,14.4,3/4/20 -&nbsp13:22:14,-0.15,-1.03
HMSO,HAMMERSON PLC,198.92,3/4/20 -&nbsp13:51:02,-1.77,-0.88
HAN,HANSA TRUST PLC-ORD,185.0,10/11/19 -&nbsp14:35:10,11.1,6.38
HSD,HANSARD GLOBAL PLC,42.0,1/30/20 -&nbsp15:31:28,-0.5,-1.18
HVPE,HARBOURVEST GLOBAL PRIVA,1745.0,3/4/20 -&nbsp12:29:47,13.0,0.75
HL,HARGREAVES LANSDOWN PLC,1502.0,3/4/20 -&nbsp13:50:48,-17.5,-1.15
HSTG,HASTINGS GROUP HOLDINGS LTD,169.0,3/4/20 -&nbsp12:53:55,3.0,1.81
HAS,HAYS PLC,134.5,3/4/20 -&nbsp13:38:36,1.0,0.75
HEAD,HEADLAM GROUP PLC,480.5,3/2/20 -&nbsp16:16:07,-1.5,-0.31
HLCL,HELICAL PLC,470.0,3/3/20 -&nbsp16:16:50,-5.0,-1.05
HTWS,HELIOS TOWERS PLC,120.0,3/4/20 -&nbsp13:16:13,2.0,1.69
HAST,HENDERSON ALTERNATIVE STRATE,294.0,3/3/20 -&nbsp08:21:43,1.5,0.51
HDIV,HENDERSON DIVERSIFIED INCOME,92.6,3/2/20 -&nbsp16:03:21,-0.0,-0.0
HEFT,HENDERSON EUROPEAN FOCUS TRU,1315.0,2/20/20 -&nbsp10:04:42,125.0,10.5
HNE,HENDERSON EUROTRUST PLC-ORD,1175.0,2/27/20 -&nbsp13:18:45,-5.0,-0.42
HFEL,HENDERSON FAR EAST INCOME LT,306.0,2/28/20 -&nbsp09:01:03,-20.5,-6.28
HHI,HENDERSON HIGH INCOME TR-ORD,165.75,10/9/19 -&nbsp09:42:13,-5.5,-3.21
HINT,HENDERSON INTERNATIONAL INCO,174.5,2/6/20 -&nbsp14:07:04,18.0,11.5
HOT,HENDERSON OPPORT TRUST-ORD,1100.0,2/13/20 -&nbsp13:50:45,184.0,20.09
HSL,HENDERSON SMALLER COMPANIES,904.0,3/4/20 -&nbsp11:53:24,-1.0,-0.11
HRI,HERALD INVESTMENT TRUST PLC,1366.0,3/4/20 -&nbsp13:50:24,6.0,0.44
HGT,HGCAPITAL TRUST PLC,246.0,3/4/20 -&nbsp13:43:19,0.5,0.2
HBRN,HIBERNIA REIT PLC,1.27,2/27/20 -&nbsp14:15:51,0.06,4.68
HICL,HICL INFRASTRUCTURE CO LTD,175.4,3/4/20 -&nbsp13:29:55,0.2,0.11
HTCF,HIGHBRIDGE TACTICAL CREDIT FUN,196.5,3/3/20 -&nbsp16:11:51,2.0,1.03
HIK,HIKMA PHARMACEUTICALS PLC,1913.5,3/4/20 -&nbsp13:51:34,34.0,1.81
HILS,HILL & SMITH HOLDINGS PLC,1467.0,3/4/20 -&nbsp13:46:42,91.0,6.61
HFG,HILTON FOOD GROUP PLC,1021.0,3/4/20 -&nbsp11:32:30,9.0,0.89
HSX,HISCOX LTD,1229.0,3/4/20 -&nbsp13:50:07,23.0,1.91
HOC,HOCHSCHILD MINING PLC,174.9,3/4/20 -&nbsp13:47:27,0.6,0.34
BOWL,HOLLYWOOD BOWL GROUP PLC,241.0,3/4/20 -&nbsp09:47:55,-4.0,-1.63
HSV,HOMESERVE PLC,1237.0,3/4/20 -&nbsp13:51:28,10.0,0.81
HHPD,HON HAI PRECISION-GDR REG S,5.39,3/3/20 -&nbsp10:35:28,0.01,0.19
HSW,HOSTELWORLD GROUP PLC,93.6,3/4/20 -&nbsp11:30:12,-11.4,-10.86
HWDN,HOWDEN JOINERY GROUP PLC,650.0,3/4/20 -&nbsp13:51:14,7.8,1.21
HSBA,HSBC HOLDINGS PLC,515.6,3/4/20 -&nbsp13:51:30,5.8,1.14
HSS,HSS HIRE GROUP PLC,40.0,2/27/20 -&nbsp15:36:36,3.6,9.89
HTSC,HUATAI SECURITIES - GDR,28.48,2/21/20 -&nbsp16:23:02,0.52,1.88
HTG,HUNTING PLC,308.8,3/4/20 -&nbsp13:51:33,6.8,2.25
HNT,HUNTSWORTH PLC,109.50,3/4/20 -&nbsp12:42:05,-0.50,-0.45
HMSG,HYDRAULIC MACHINE-GDR REG S,4.42,9/16/19 -&nbsp11:39:37,-0.58,-11.60
HYUD,HYUNDAI MOTOR CO-REG S GDR,27.20,3/2/20 -&nbsp15:38:54,+0.30,+1.12
HYVE,HYVE GROUP PLC,72.90,3/4/20 -&nbsp13:49:23,+1.90,+2.68
IBST,IBSTOCK PLC,246.60,3/4/20 -&nbsp13:50:00,-5.80,-2.30
ICGT,ICG ENTERPRISE TRUST PLC,890.00,3/4/20 -&nbsp13:43:18,+10.00,+1.14
LBOW,ICG-LONGBOW SENIOR SECURED U,93.75,2/28/20 -&nbsp13:34:50,-0.75,-0.79
IGG,IG GROUP HOLDINGS PLC,726.00,3/4/20 -&nbsp13:51:33,+6.80,+0.95
IGSS,IG SEISMIC SERVICE-REG S,-,-,-,-
IMI,IMI PLC,1033.00,3/4/20 -&nbsp13:51:31,-7.00,-0.67
IEM,IMPAX ENVIRONMENTAL MARKETS,339.00,3/4/20 -&nbsp09:15:50,+1.00,+0.30
IMB,IMPERIAL BRANDS PLC,1627.20,3/4/20 -&nbsp13:51:14,+43.40,+2.74
INCH,INCHCAPE PLC,597.00,3/4/20 -&nbsp13:51:08,+3.50,+0.59
IIT,INDEPENDENT INVESTMENT TRUST,502.00,2/28/20 -&nbsp11:54:12,-14.00,-2.71
INDV,INDIVIOR PLC,46.39,3/4/20 -&nbsp13:38:35,+1.42,+3.16
INF,INFORMA PLC,653.60,3/4/20 -&nbsp13:51:28,-1.60,-0.24
IHP,INTEGRAFIN HOLDINGS PLC,477.50,3/4/20 -&nbsp13:43:51,-2.50,-0.52
IHG,INTERCONTINENTAL HOTELS GROU,4295.50,3/4/20 -&nbsp13:49:15,+21.50,+0.50
ICP,INTERMEDIATE CAPITAL GROUP,1700.00,3/4/20 -&nbsp13:51:28,+33.00,+1.98
IBT,INTERNATIONAL BIOTECHNOLOGY,604.00,3/3/20 -&nbsp08:44:22,+18.00,+3.07
IPF,INTERNATIONAL PERSONAL FINAN,165.00,3/4/20 -&nbsp13:40:00,+3.60,+2.23
INPP,INTERNATIONAL PUBLIC PARTNER,165.00,3/4/20 -&nbsp12:29:33,+1.20,+0.73
ITRK,INTERTEK GROUP PLC,5518.00,3/4/20 -&nbsp13:49:10,+106.00,+1.96
IAG,INTL CONSOLIDATED AIRLINE-DI,455.30,3/4/20 -&nbsp13:51:20,-9.10,-1.96
INTU,INTU PROPERTIES PLC,7.55,3/4/20 -&nbsp13:50:14,-3.08,-29.01
IAT,INVESCO ASIA TRUST PLC-ORD,287.00,1/30/20 -&nbsp09:29:34,+15.00,+5.51
IVI,INVESCO INCOME GROWTH TR-ORD,302.50,2/10/20 -&nbsp09:44:18,+25.50,+9.21
IPU,INVESCO PERP UK SMALLER COS,520.00,3/2/20 -&nbsp15:52:53,-26.00,-4.76
INVP,INVESTEC PLC,399.10,3/4/20 -&nbsp13:37:04,+10.10,+2.60
IPO,IP GROUP PLC,66.80,3/4/20 -&nbsp13:45:10,+0.85,+1.21
ICGC,IRISH CONTINENTAL GROUP PLC,-,-,-,-
ITV,ITV PLC,117.95,3/4/20 -&nbsp13:51:07,+1.25,+1.07
IWG,IWG PLC,361.20,3/4/20 -&nbsp13:51:16,+2.20,+0.61
FSJ,JAMES FISHER & SONS PLC,1824.00,3/4/20 -&nbsp13:37:54,-4.00,-0.22
JD,JD SPORTS FASHION PLC,737.80,3/4/20 -&nbsp13:51:09,-1.20,-0.16
JLEN,JLEN ENVIRONMENTAL ASSETS GROU,118.50,3/4/20 -&nbsp13:35:11,-0.50,-0.42
JLG,JOHN LAING GROUP PLC,358.60,3/4/20 -&nbsp13:50:57,+0.20,+0.06
JMAT,JOHNSON MATTHEY PLC,2581.00,3/4/20 -&nbsp13:51:21,+80.00,+3.20
JAM,JPMORGAN AMERICAN INVEST-ORD,467.00,3/3/20 -&nbsp16:27:53,+2.00,+0.43
JAGI,JPMORGAN ASIA GROWTH & INCOME-,365.00,3/2/20 -&nbsp12:59:18,-14.00,-3.69
JCGI,JPMORGAN CHINA GROWTH & INCOME,344.5,3/3/20 -&nbsp14:38:30,-4.0,-1.15
JCH,JPMORGAN CLAVERHOUSE IT,706.0,3/3/20 -&nbsp16:25:59,-6.0,-0.84
JMG,JPMORGAN EMERGING MKTS-ORD,997.0,3/4/20 -&nbsp12:49:37,15.0,1.53
JESC,JPMORGAN EUR SMALLER COMPANI,358.0,3/2/20 -&nbsp14:24:15,-5.0,-1.38
JETG,JPMORGAN EUROPEAN INV-GROWTH,298.0,2/5/20 -&nbsp14:22:11,33.0,12.45
JETI,JPMORGAN EUROPEAN INVEST-INC,164.5,2/20/20 -&nbsp09:35:49,21.5,15.03
JARA,JPMORGAN GLOBAL CORE REAL ASSE,101.0,2/28/20 -&nbsp14:35:38,-1.0,-0.98
JEMI,JPMORGAN GLOBAL EMERGING MKT,126.5,3/3/20 -&nbsp15:33:06,3.0,2.43
JGGI,JPMORGAN GLOBAL GROWTH & INC,333.5,3/3/20 -&nbsp15:15:21,-1.5,-0.45
JII,JPMORGAN INDIAN INV TRUST,643.0,3/4/20 -&nbsp09:43:30,-8.0,-1.23
JPS,JPMORGAN JAPAN SMALLER CO TR,378.5,3/4/20 -&nbsp11:29:59,6.5,1.75
JFJ,JPMORGAN JAPANESE INV. TRUST,393.5,3/3/20 -&nbsp11:39:45,-0.5,-0.13
JMF,JPMORGAN MID CAP INV TRUST,1275.0,3/3/20 -&nbsp15:05:59,35.0,2.82
JRS,JPMORGAN RUSSIAN SECURITIES,664.0,3/2/20 -&nbsp10:09:42,-2.0,-0.3
JMI,JPMORGAN SMALLER COSIT PLC,298.0,2/26/20 -&nbsp10:14:16,27.0,9.96
JUSC,JPMORGAN US SMALLER COMPANIE,324.0,3/4/20 -&nbsp09:57:17,-1.0,-0.31
JEO,JUPITER EUROPEAN OPPORTUN TR,838.5,3/4/20 -&nbsp10:16:10,15.5,1.88
JUP,JUPITER FUND MANAGEMENT,311.2,3/4/20 -&nbsp13:51:30,-4.6,-1.46
JUKG,JUPITER UK GROWTH INVESTMENT,302.0,1/27/20 -&nbsp12:24:46,27.0,9.82
JUS,JUPITER US SMALLER COMPANIES,1100.0,11/7/19 -&nbsp15:25:11,62.5,6.02
JET,JUST EAT TAKEAWAY.COM NV,7130.0,3/4/20 -&nbsp13:50:48,40.0,0.56
JUST,JUST GROUP PLC,74.3,3/4/20 -&nbsp13:48:10,0.8,1.09
KNOS,KAINOS GROUP PLC,774.0,3/4/20 -&nbsp13:47:10,-12.0,-1.53
KAZ,KAZ MINERALS PLC,430.0,3/4/20 -&nbsp13:50:05,6.8,1.61
KCEL,KCELL JSC - REG S,4.8,9/24/19 -&nbsp11:21:06,-1.18,-19.73
KLR,KELLER GROUP PLC,782.0,3/4/20 -&nbsp13:30:01,7.0,0.9
KMR,KENMARE RESOURCES PLC,224.0,3/2/20 -&nbsp14:07:55,-1.0,-0.44
KYGA,KERRY GROUP PLC-A,118.9,3/4/20 -&nbsp13:49:30,-0.4,-0.34
KIT,KEYSTONE INVESTMENT TRUST,305.0,2/28/20 -&nbsp11:39:27,-5.25,-1.69
KIE,KIER GROUP PLC,106.4,3/4/20 -&nbsp13:50:11,-1.5,-1.39
KCT,KIN AND CARTA PLC,95.2,3/4/20 -&nbsp12:59:07,-0.8,-0.83
KGF,KINGFISHER PLC,191.3,3/4/20 -&nbsp13:50:11,2.7,1.43
KGP,KINGSPAN GROUP PLC,59.6,3/4/20 -&nbsp13:40:25,0.4,0.68
LAM,LAMPRELL PLC,30.5,3/2/20 -&nbsp14:58:41,1.0,3.39
LRE,LANCASHIRE HOLDINGS LTD,729.0,3/4/20 -&nbsp13:48:48,1.0,0.14
LAND,LAND SECURITIES GROUP PLC,836.0,3/4/20 -&nbsp13:50:01,5.2,0.63
LTOD,LARSEN & TOUBRO-GDR REG S,16.04,3/4/20 -&nbsp13:00:55,-0.14,-0.87
LWDB,LAW DEBENTURE CORP PLC-ORD,602.0,3/4/20 -&nbsp12:25:58,12.0,2.03
LGEN,LEGAL & GENERAL GROUP PLC,268.5,3/4/20 -&nbsp13:51:08,3.4,1.28
LNTA,LENTA PLC-REG S,2.48,3/4/20 -&nbsp12:27:42,0.04,1.64
LGLD,LG ELECTRONICS INC-REGS GDR,-,-,-,-
LIO,LIONTRUST ASSET MANAGEMENT,1155.00,3/4/20 -&nbsp11:13:39,+45.00,+4.05
LLOY,LLOYDS BANKING GROUP PLC,48.76,3/4/20 -&nbsp13:51:34,+0.09,+0.18
LMS,LMS CAPITAL PLC,-,-,-,-
LSR,LOCAL SHOPPING REIT PLC,-,-,-,-
LSE,LONDON STOCK EXCHANGE GROUP,7932.00,3/4/20 -&nbsp13:51:27,+68.00,+0.86
LMP,LONDONMETRIC PROPERTY PLC,219.00,3/4/20 -&nbsp13:51:07,+2.80,+1.30
LOOK,LOOKERS PLC,42.25,3/4/20 -&nbsp13:37:05,-0.70,-1.63
LWB,LOW & BONAR PLC,10.75,3/2/20 -&nbsp16:22:15,-0.12,-1.15
LWI,LOWLAND INVESTMENT COMPANY,1280.00,2/27/20 -&nbsp14:32:41,+12.50,+0.99
LSL,LSL PROPERTY SERVICES PLC,314.50,3/4/20 -&nbsp10:52:48,+6.50,+2.11
LSRG,LSR GROUP PJSC-GDR REGS,2.52,3/4/20 -&nbsp13:37:34,-0.04,-1.76
LUCE,LUCECO PLC,119.40,3/4/20 -&nbsp13:32:05,+1.20,+1.02
LKOD,LUKOIL PJSC-SPON ADR,89.62,3/4/20 -&nbsp13:49:02,+1.68,+1.91
LXI,LXI REIT PLC,132.00,3/4/20 -&nbsp13:48:55,+0.60,+0.46
MGCI,M&G CREDIT INCOME INVESTMENT,-,-,-,-
MNG,M&G PLC,204.20,3/4/20 -&nbsp13:48:49,+1.60,+0.79
MPO,MACAU PROPERTY OPP FUND LTD,104.00,2/27/20 -&nbsp08:46:03,+1.00,+0.97
MGNT,MAGNIT PJSC-SPON GDR REGS,11.06,3/4/20 -&nbsp13:50:00,+0.21,+1.93
MMK,MAGNITOGORS-SPON GDR REGS,7.80,3/4/20 -&nbsp13:16:52,+0.15,+1.96
MHID,MAHINDRA & MAHINDRA-SPON GDR,6.70,2/27/20 -&nbsp16:09:07,+0.24,+3.72
MAIL,MAIL.RU GROUP-GDR REGS,18.80,3/4/20 -&nbsp13:45:49,-0.25,-1.31
MAJE,MAJEDIE INVESTMENTS PLC-ORD,214.00,3/3/20 -&nbsp16:14:51,0.00,+0.00
EMG,MAN GROUP PLC,147.10,3/4/20 -&nbsp13:48:09,-3.20,-2.13
MMC,MANAGEMENT CONSULTING GROUP,-,-,-,-
MNL,MANCHESTER & LONDON INV TR,552.00,3/4/20 -&nbsp09:22:59,+8.00,+1.47
MKS,MARKS & SPENCER GROUP PLC,164.35,3/4/20 -&nbsp13:51:00,+0.55,+0.34
MSLH,MARSHALLS PLC,730.00,3/4/20 -&nbsp13:41:48,+4.00,+0.55
MARS,MARSTON'S PLC,85.75,3/4/20 -&nbsp13:51:31,-1.95,-2.22
MNP,MARTIN CURRIE GLOBAL PORT,321.00,1/30/20 -&nbsp09:29:31,+14.00,+4.56
MTMY,MATOMY MEDIA GROUP LTD,5.02,2/27/20 -&nbsp11:43:46,+0.36,+7.84
MCB,MCBRIDE PLC,67.30,3/2/20 -&nbsp13:26:01,-0.10,-0.15
MCS,MCCARTHY & STONE PLC,136.20,3/4/20 -&nbsp13:42:09,+3.50,+2.64
MCLS,MCCOLL'S RETAIL GROUP PLC,36.60,2/27/20 -&nbsp11:54:25,+3.60,+10.91
MCKS,MCKAY SECURITIES PLC-ORD,270.00,3/3/20 -&nbsp16:25:28,+1.00,+0.37
MDMG,MD MEDICAL GROUP INVEST-REGS,4.70,12/11/19 -&nbsp14:53:27,-0.30,-6.00
MER,MEARS GROUP PLC,289.00,3/4/20 -&nbsp10:05:38,-1.00,-0.34
MGP,MEDICA GROUP PLC,133.00,2/28/20 -&nbsp08:55:55,-7.00,-5.00
MDC,MEDICLINIC INTERNATIONAL PLC,362.95,3/4/20 -&nbsp10:54:26,+9.85,+2.79
MGGT,MEGGITT PLC,557.40,3/4/20 -&nbsp13:51:26,+7.00,+1.27
MRO,MELROSE INDUSTRIES PLC,208.8,3/4/20 -&nbsp13:51:28,2.3,1.11
MNZS,MENZIES (JOHN) PLC,285.5,3/4/20 -&nbsp11:42:17,-2.5,-0.87
MRC,MERCANTILE INVESTMENT TRUST,246.25,3/4/20 -&nbsp13:17:54,4.25,1.76
MRCH,MERCHANTS TRUST PLC,480.0,3/2/20 -&nbsp11:35:44,-4.5,-0.93
MTRO,METRO BANK PLC,163.1,3/4/20 -&nbsp13:46:14,-1.4,-0.85
MHPC,MHP SE-GDR REG S,8.12,2/25/20 -&nbsp16:27:48,0.1,1.25
PAGE,MICHAEL PAGE INTERNATIONAL,377.8,3/4/20 -&nbsp13:51:10,1.6,0.43
MCRO,MICRO FOCUS INTERNATIONAL,722.3,3/4/20 -&nbsp13:50:11,1.5,0.21
MCT,MIDDLEFIELD CANADIAN INC PCC,103.5,11/27/19 -&nbsp16:16:25,5.9,6.05
MAB,MITCHELLS & BUTLERS PLC,330.75,3/4/20 -&nbsp10:24:56,-3.75,-1.12
MTO,MITIE GROUP PLC,142.1,3/4/20 -&nbsp13:44:25,-0.2,-0.14
GLE,MJ GLEESON PLC,904.0,3/3/20 -&nbsp10:03:52,-6.0,-0.66
MNOD,MMC NORILSK NICKEL PJSC-ADR,31.6,3/4/20 -&nbsp13:41:54,0.26,0.83
MMIT,MOBIUS INVESTMENT TRUST PLC,98.0,1/21/20 -&nbsp15:44:28,11.1,12.77
MNDI,MONDI PLC,1653.0,3/4/20 -&nbsp13:46:12,42.0,2.61
MONY,MONEYSUPERMARKET.COM,316.6,3/4/20 -&nbsp13:45:42,0.7,0.22
MNKS,MONKS INVESTMENT TRUST PLC,942.0,3/4/20 -&nbsp11:28:50,7.0,0.75
MTE,MONTANARO EUROPEAN SMALLER C,986.0,3/2/20 -&nbsp12:24:42,-46.5,-4.5
MTU,MONTANARO UK SMALLER COS INV,117.25,2/28/20 -&nbsp11:15:27,-5.25,-4.29
MGAM,MORGAN ADVANCED MATERIALS PL,288.0,3/4/20 -&nbsp13:48:12,1.8,0.63
MGNS,MORGAN SINDALL GROUP PLC,1826.00,3/4/20 -&nbsp13:36:18,+18.00,+1.00
MOSB,MOSS BROS GROUP PLC,17.60,2/28/20 -&nbsp08:26:48,+2.88,+19.52
MTC,MOTHERCARE PLC,16.20,1/20/20 -&nbsp11:09:55,+3.93,+31.98
MOTR,MOTORPOINT GROUP PLC,303.50,3/4/20 -&nbsp12:34:43,-0.50,-0.16
MTVW,MOUNTVIEW ESTATES PLC,11050.00,2/28/20 -&nbsp14:14:10,-400.00,-3.49
MUT,MURRAY INCOME TRUST PLC,819.00,2/28/20 -&nbsp15:33:43,-21.00,-2.50
MYI,MURRAY INTERNATIONAL TR-O,1098.00,3/4/20 -&nbsp12:43:30,+22.00,+2.04
KAP,NAC KAZATOMPROM JSC-GDR,13.05,3/4/20 -&nbsp13:49:42,0.00,+0.00
NANO,NANOCO GROUP PLC,13.00,3/4/20 -&nbsp13:30:43,-12.00,-48.00
NEX,NATIONAL EXPRESS GROUP PLC,414.20,3/4/20 -&nbsp13:51:02,-2.00,-0.48
NG,NATIONAL GRID PLC,1037.60,3/4/20 -&nbsp13:51:02,+24.20,+2.39
NBLS,NB GLOBAL FLOATING RATE INC,89.10,3/3/20 -&nbsp16:03:21,+0.30,+0.34
NBLU,NB GLOBAL FLOATING RATE USD,-,-,-,-
NBPU,NB PRIVATE EQUITY PARTNERS L,-,-,-,-
NCC,NCC GROUP PLC,208.00,3/4/20 -&nbsp13:51:08,-4.50,-2.12
NETW,NETWORK INTL HLDGS PLC,565.00,3/4/20 -&nbsp13:50:30,0.00,+0.00
NRR,NEWRIVER REIT PLC,161.00,3/4/20 -&nbsp13:32:00,+2.00,+1.26
NXT,NEXT PLC,6236.00,3/4/20 -&nbsp13:51:00,+74.00,+1.20
NESF,NEXTENERGY SOLAR FUND LTD,117.50,3/4/20 -&nbsp13:42:37,+0.50,+0.43
NLMK,NLMK PJSC,18.86,3/4/20 -&nbsp13:51:28,+0.11,+0.59
NMC,NMC HEALTH PLC,935.40,2/26/20 -&nbsp16:29:21,-3.00,-0.32
NXR,NORCROS PLC,227.00,3/3/20 -&nbsp16:20:37,-4.00,-1.73
NAIT,NORTH AMERICAN INCOME TRUST,276.00,3/3/20 -&nbsp15:05:45,+4.00,+1.47
NAS,NORTH ATLANTIC SMALLER COMP,3290.00,3/2/20 -&nbsp09:41:30,-55.00,-1.64
NOG,NOSTRUM OIL & GAS PLC,11.76,3/2/20 -&nbsp16:29:02,-0.04,-0.34
NLB,NOVA LJUBLJANSKA B-GDR REG S,11.60,3/3/20 -&nbsp12:31:39,+0.04,+0.35
NVTK,NOVATEK PJSC-SPONS GDR REG S,150.50,3/4/20 -&nbsp13:50:41,+0.30,+0.20
NCSP,NOVOROSSIYSK-GDR REG S,-,-,-,-
OKEY,O'KEY GROUP SA-GDR REGS,1.38,1/9/20 -&nbsp08:56:11,+0.08,+6.15
OCDO,OCADO GROUP PLC,1154.50,3/4/20 -&nbsp13:51:34,+28.50,+2.53
ORIT,OCTOPUS RENEWABLES INFRASTRUCT,107.00,3/3/20 -&nbsp16:27:04,+0.40,+0.38
OIT,ODYSSEAN INVESTMENT TRUST,-,-,-,-
OGDC,OIL & GAS DEVELOP-GDR REG S,-,-,-,-
OMU,OLD MUTUAL LTD,85.04,3/4/20 -&nbsp12:49:52,+3.58,+4.39
PETB,OMV PETROM SA-REG S,-,-,-,-
OTB,ON THE BEACH GROUP PLC,287.00,3/4/20 -&nbsp13:48:52,-9.00,-3.04
OSB,ONESAVINGS BANK PLC,398.00,3/4/20 -&nbsp13:44:13,+2.20,+0.56
OIH,ORASCOM INVESTMENT HOLDING,-,-,-,-
OXB,OXFORD BIOMEDICA PLC,578.00,3/4/20 -&nbsp13:07:38,-22.00,-3.67
OXIG,OXFORD INSTRUMENTS PLC,1420.00,3/4/20 -&nbsp12:17:34,+10.00,+0.71
PAC,PACIFIC ASSETS TRUST PLC,252.0,2/27/20 -&nbsp15:41:21,-5.5,-2.14
PHI,PACIFIC HORIZON INV TR PLC,330.0,2/27/20 -&nbsp15:34:41,-1.0,-0.3
PIN,PANTHEON INTERNATIONAL PLC,2260.0,3/4/20 -&nbsp13:34:17,60.0,2.73
PAG,PARAGON BANKING GROUP PLC,465.0,3/4/20 -&nbsp13:47:27,6.8,1.48
PAY,PAYPOINT PLC,842.0,3/3/20 -&nbsp16:26:43,1.0,0.12
PSON,PEARSON PLC,566.2,3/4/20 -&nbsp13:51:32,12.2,2.2
PDG,PENDRAGON PLC,11.7,3/4/20 -&nbsp12:36:08,-0.3,-2.5
PNN,PENNON GROUP PLC,1159.5,3/4/20 -&nbsp13:50:32,19.0,1.67
PLI,PERPETUAL INCOME & GROWTH-O,291.5,3/4/20 -&nbsp09:04:28,3.0,1.04
PSH,PERSHING SQUARE HOLDINGS LTD,1431.0,3/4/20 -&nbsp12:34:20,47.0,3.4
PSN,PERSIMMON PLC,2999.0,3/4/20 -&nbsp13:49:19,57.0,1.94
PNL,PERSONAL ASSETS TRUST PLC,42900.0,3/3/20 -&nbsp13:23:35,150.0,0.35
PDL,PETRA DIAMONDS LTD,4.2,3/4/20 -&nbsp12:23:44,-0.1,-2.33
PFC,PETROFAC LTD,302.6,3/4/20 -&nbsp13:51:25,2.8,0.93
POG,PETROPAVLOVSK PLC,20.55,3/4/20 -&nbsp12:49:18,0.2,0.98
PETS,PETS AT HOME GROUP PLC,260.4,3/4/20 -&nbsp13:49:50,-3.4,-1.29
PHAR,PHAROS ENERGY PLC,29.65,3/3/20 -&nbsp16:29:18,-0.35,-1.17
PHNX,PHOENIX GROUP HOLDINGS,724.8,3/4/20 -&nbsp13:51:11,16.8,2.37
PSDL,PHOENIX SPREE DEUTSCHLAND LT,290.25,3/4/20 -&nbsp11:11:10,1.75,0.61
PHOR,PHOSAGRO OAO-GDR REG S,11.3,3/4/20 -&nbsp10:59:04,0.21,1.89
PHTM,PHOTO-ME INTERNATIONAL PLC,84.80,3/4/20 -&nbsp13:43:35,-0.20,-0.24
PCTN,PICTON PROPERTY INCOME LTD,101.00,3/4/20 -&nbsp12:54:00,-0.80,-0.79
PTEC,PLAYTECH PLC,239.30,3/4/20 -&nbsp13:45:59,-3.20,-1.32
PLUS,PLUS500 LTD,968.00,3/4/20 -&nbsp13:48:24,+18.00,+1.89
PCGH,POLAR CAP GLBL HEALTHCARE,228.00,3/3/20 -&nbsp15:04:55,+6.00,+2.70
PCFT,POLAR CAPITAL GLOBAL FINANCI,130.50,3/2/20 -&nbsp11:44:46,-2.00,-1.51
PCT,POLAR CAPITAL TECHNOLOGY TR,1590.00,3/3/20 -&nbsp16:28:25,0.00,+0.00
PSSL,POLLEN STREET SECURED LENDING,860.00,3/4/20 -&nbsp11:32:07,+4.00,+0.47
POLY,POLYMETAL INTERNATIONAL PLC,1289.75,3/4/20 -&nbsp13:50:36,+23.75,+1.88
PLP,POLYPIPE GROUP PLC,551.00,3/4/20 -&nbsp13:48:18,+3.50,+0.64
PLZL,POLYUS PJSC-REG S-GDR,64.88,3/4/20 -&nbsp13:51:29,-0.62,-0.95
PRV,PORVAIR PLC,690.00,3/3/20 -&nbsp14:21:32,+12.00,+1.77
PPH,PPHE HOTEL GROUP LTD,1630.00,3/3/20 -&nbsp16:13:51,+10.00,+0.62
PFD,PREMIER FOODS PLC,31.60,3/4/20 -&nbsp13:31:11,-0.50,-1.56
PMO,PREMIER OIL PLC,79.74,3/4/20 -&nbsp13:48:44,+1.06,+1.35
PHP,PRIMARY HEALTH PROPERTIES,157.00,3/4/20 -&nbsp13:08:00,+3.00,+1.95
PEY,PRINCESS PRIV EQTY HOLD LTD,11.15,3/3/20 -&nbsp11:25:08,+0.40,+3.72
PEYS,PRINCESS PRIV EQTY HOLD LTD,-,-,-,-
PFG,PROVIDENT FINANCIAL PLC,419.40,3/4/20 -&nbsp13:49:04,+4.60,+1.13
PRU,PRUDENTIAL PLC,1297.50,3/4/20 -&nbsp13:50:02,+34.50,+2.73
PURE,PURECIRCLE LTD,130.5,10/23/19 -&nbsp15:59:26,-0.7,-0.53
PRTC,PURETECH HEALTH PLC,289.0,3/4/20 -&nbsp13:39:54,4.0,1.4
PVCS,PV CRYSTALOX SOLAR PLC,63.0,3/4/20 -&nbsp08:08:23,-1.5,-2.33
PZC,PZ CUSSONS PLC,192.2,3/4/20 -&nbsp13:38:29,1.4,0.73
QQ,QINETIQ GROUP PLC,340.0,3/4/20 -&nbsp13:51:01,-2.6,-0.76
QLT,QUILTER PLC,152.45,3/4/20 -&nbsp13:48:45,1.1,0.73
RE,R.E.A. HOLDINGS PLC,162.0,2/12/20 -&nbsp12:02:28,45.0,38.46
RNK,RANK GROUP PLC,261.25,3/4/20 -&nbsp13:32:15,1.75,0.67
RAT,RATHBONE BROTHERS PLC,1724.0,3/4/20 -&nbsp12:59:59,42.0,2.5
RAV,RAVEN PROPERTY GROUP LTD,45.8,3/2/20 -&nbsp10:55:32,1.6,3.62
RDI,RDI REIT PLC,122.0,3/4/20 -&nbsp12:08:58,2.0,1.67
RDL,RDL REALISATION PLC,137.5,2/21/20 -&nbsp15:40:44,-6.0,-4.18
RCH,REACH PLC,151.9,3/4/20 -&nbsp13:40:03,12.3,8.81
RECI,REAL ESTATE CREDIT INVESTMEN,168.0,3/2/20 -&nbsp15:25:03,-1.5,-0.88
RB,RECKITT BENCKISER GROUP PLC,6001.0,3/4/20 -&nbsp13:51:28,215.0,3.72
REC,RECORD PLC,33.0,2/28/20 -&nbsp12:48:34,0.6,1.85
REDD,REDDE NORTHGATE PLC,239.0,3/4/20 -&nbsp13:50:15,2.0,0.84
RDW,REDROW PLC,761.0,3/4/20 -&nbsp13:51:34,12.0,1.6
RGL,REGIONAL REIT LTD,116.0,3/4/20 -&nbsp13:27:28,0.4,0.35
RIGD,RELIANCE INDS-SPONS GDR 144A,36.55,3/4/20 -&nbsp13:50:12,-0.35,-0.95
RIFS,RELIANCE INFRASTRUCTURE-GDR,-,-,-,-
REL,RELX PLC,1928.50,3/4/20 -&nbsp13:46:43,+8.00,+0.42
TRIG,RENEWABLES INFRASTRUCTURE GR,136.40,3/4/20 -&nbsp13:24:32,+1.00,+0.74
RWI,RENEWI PLC,37.05,3/3/20 -&nbsp16:28:56,-0.15,-0.40
RSW,RENISHAW PLC,3442.00,3/4/20 -&nbsp13:50:06,+34.00,+1.00
RNO,RENOLD PLC,12.75,3/3/20 -&nbsp15:33:16,+0.20,+1.59
RTO,RENTOKIL INITIAL PLC,525.60,3/4/20 -&nbsp13:51:20,+0.20,+0.04
RESI,RESIDENTIAL SECURE INCOME PLC,94.20,3/3/20 -&nbsp16:29:00,-0.40,-0.42
RTN,RESTAURANT GROUP PLC,97.00,3/4/20 -&nbsp13:41:51,-1.30,-1.32
RBG,REVOLUTION BARS GROUP PLC,63.40,9/20/19 -&nbsp15:59:32,+4.10,+6.91
RHIM,RHI MAGNESITA NV,2918.00,3/4/20 -&nbsp13:48:38,-38.00,-1.29
RCDO,RICARDO PLC,680.00,3/4/20 -&nbsp11:34:44,0.00,+0.00
RMV,RIGHTMOVE PLC,618.20,3/4/20 -&nbsp13:50:05,-7.10,-1.13
RIO,RIO TINTO PLC,3952.00,3/4/20 -&nbsp13:50:02,+130.50,+3.41
RCP,RIT CAPITAL PARTNERS PLC,2015.00,3/4/20 -&nbsp13:12:32,+15.00,+0.75
RIV,RIVER & MERCANTILE GROUP,287.00,2/24/20 -&nbsp16:18:26,+25.00,+9.54
RSE,RIVERSTONE ENERGY LTD,266.50,3/2/20 -&nbsp15:57:04,-4.50,-1.66
RM,RM PLC,259.00,2/28/20 -&nbsp14:11:32,-5.00,-1.89
RWA,ROBERT WALTERS PLC,530.00,3/2/20 -&nbsp15:50:27,+30.00,+6.00
RR,ROLLS-ROYCE HOLDINGS PLC,622.40,3/4/20 -&nbsp13:51:20,-13.40,-2.11
AGRO,ROS AGRO PLC- GDR REG S,9.85,2/24/20 -&nbsp11:47:13,+0.68,+7.42
ROSN,ROSNEFT OIL COMPANY,6.34,3/4/20 -&nbsp13:45:58,+0.14,+2.29
RSTI,ROSSETI PJSC-GDR REGS,-,-,-,-
RKMD,ROSTELECOM-SPONSORED ADR,7.76,3/3/20 -&nbsp13:23:44,-0.25,-3.12
ROR,ROTORK PLC,306.70,3/4/20 -&nbsp13:47:08,-0.10,-0.03
RBS,ROYAL BANK OF SCOTLAND GROUP,171.35,3/4/20 -&nbsp13:51:08,+0.90,+0.53
RDSA,ROYAL DUTCH SHELL PLC-A SHS,1751.40,3/4/20 -&nbsp13:51:31,+27.80,+1.61
RDSB,ROYAL DUTCH SHELL PLC-B SHS,1752.20,3/4/20 -&nbsp13:50:48,+31.20,+1.81
RMG,ROYAL MAIL PLC,162.15,3/4/20 -&nbsp13:49:45,+1.05,+0.65
RPS,RPS GROUP PLC,124.60,3/4/20 -&nbsp12:32:56,+3.00,+2.47
RSA,RSA INSURANCE GROUP PLC,534.20,3/4/20 -&nbsp13:51:12,+12.20,+2.34
RICA,RUFFER INVESTMENT COMPANY LD,212.00,3/2/20 -&nbsp16:15:05,-8.00,-3.64
HYDR,RUSHYDRO PJSC-ADR,1.02,3/4/20 -&nbsp12:22:33,+0.03,+3.25
RYA,RYANAIR HOLDINGS PLC,11.88,3/4/20 -&nbsp13:50:03,-0.00,-0.04
SUS,S & U PLC,2140.00,3/2/20 -&nbsp08:53:41,-40.00,-1.83
SBRE,SABRE INSURANCE GROUP PLC,290.25,3/4/20 -&nbsp13:44:43,+1.75,+0.61
SAFE,SAFESTORE HOLDINGS PLC,823.00,3/4/20 -&nbsp13:45:22,-1.50,-0.18
SAGA,SAGA PLC,26.46,3/4/20 -&nbsp13:49:28,-2.04,-7.16
SGE,SAGE GROUP PLC/THE,704.00,3/4/20 -&nbsp13:41:48,+2.20,+0.31
SBRY,SAINSBURY (J) PLC,212.50,3/4/20 -&nbsp13:51:33,+6.20,+3.01
SMSN,SAMSUNG ELECTR-GDR,1206.0,3/4/20 -&nbsp13:51:34,41.0,3.52
SMSD,SAMSUNG ELECTRO-REGS GDR PFD,993.0,2/25/20 -&nbsp16:25:57,6.0,0.61
SNN,SANNE GROUP PLC,610.0,3/4/20 -&nbsp13:46:05,10.0,1.67
SVS,SAVILLS PLC,1132.0,3/4/20 -&nbsp13:48:43,37.0,3.38
SBER,SBERBANK PAO -SPONSORED ADR,14.36,3/4/20 -&nbsp13:51:00,0.05,0.35
SDP,SCHRODER ASIA PACIFIC-ORD,443.75,3/3/20 -&nbsp15:03:28,2.75,0.62
ATR,SCHRODER ASIAN TOTAL RETURN,330.0,2/28/20 -&nbsp09:03:06,-16.5,-4.76
SERE,SCHRODER EUROPEAN REAL ESTAT,102.5,2/28/20 -&nbsp16:24:58,-2.5,-2.38
SCF,SCHRODER INCOME GROWTH FUND,307.5,2/10/20 -&nbsp16:20:43,33.5,12.23
SJG,SCHRODER JAPAN GROWTH FUND,198.0,2/11/20 -&nbsp15:34:21,28.5,16.81
SOI,SCHRODER ORIENTAL INCOME,227.5,3/4/20 -&nbsp12:40:02,4.5,2.02
SREI,SCHRODER REAL ESTATE INVESTM,50.25,3/4/20 -&nbsp12:27:25,0.95,1.93
SCP,SCHRODER UK MID CAP FUND PLC,650.0,2/5/20 -&nbsp14:30:14,88.0,15.66
SUPP,SCHRODER UK PUBLIC PRIVATE TST,26.55,2/28/20 -&nbsp10:54:52,-0.25,-0.93
SDR,SCHRODERS PLC,2923.5,3/4/20 -&nbsp13:43:36,-2.5,-0.09
SDRC,SCHRODERS PLC-NON VOTING,2297.5,3/3/20 -&nbsp16:18:53,17.5,0.77
SAIN,SCOTTISH AMERICAN INV COMP,437.0,1/17/20 -&nbsp10:05:38,34.0,8.44
SCIN,SCOTTISH INVESTMENT TRUST,737.5,3/3/20 -&nbsp10:27:40,4.5,0.61
SMT,SCOTTISH MORTGAGE INV TR PLC,609.0,3/4/20 -&nbsp13:18:37,3.5,0.58
SST,SCOTTISH ORIENTAL SMALL COS,896.0,3/4/20 -&nbsp08:56:11,-4.0,-0.44
SCS,SCS GROUP PLC,222.00,3/4/20 -&nbsp13:46:53,-3.00,-1.33
SEIT,SDCL ENERGY EFFICIENCY INCOM,109.50,3/2/20 -&nbsp15:08:47,-1.50,-1.35
SDL,SDL PLC,543.00,3/4/20 -&nbsp12:15:07,+5.00,+0.93
STB,SECURE TRUST BANK PLC,1330.00,3/2/20 -&nbsp13:08:19,+10.00,+0.76
STS,SECURITIES TRUST OF SCOTLAND,190.75,3/2/20 -&nbsp16:11:37,-2.50,-1.29
SGRO,SEGRO PLC,874.80,3/4/20 -&nbsp13:51:24,+13.20,+1.53
SNR,SENIOR PLC,152.00,3/4/20 -&nbsp13:44:56,+6.90,+4.76
SEQI,SEQUOIA ECONOMIC INFRASTRUCT,113.10,3/4/20 -&nbsp13:08:06,+0.10,+0.09
SRP,SERCO GROUP PLC,153.30,3/4/20 -&nbsp13:48:48,+1.00,+0.66
SFR,SEVERFIELD PLC,86.80,2/25/20 -&nbsp16:27:27,+6.80,+8.50
SVT,SEVERN TRENT PLC,2628.00,3/4/20 -&nbsp13:50:10,+34.00,+1.31
SVST,SEVERSTAL - GDR REG S,12.58,3/4/20 -&nbsp13:37:11,+0.25,+2.03
SHB,SHAFTESBURY PLC,826.00,3/4/20 -&nbsp13:45:05,+6.50,+0.79
SHRS,SHIRES INCOME PLC,-,-,-,-
SHI,SIG PLC,60.75,3/4/20 -&nbsp12:56:11,+0.05,+0.08
SIG,SIGNATURE AVIATION PLC,272.50,3/4/20 -&nbsp13:47:31,-10.80,-3.81
SXX,SIRIUS MINERALS PLC,5.49,3/4/20 -&nbsp13:21:22,+0.82,+17.46
SRE,SIRIUS REAL ESTATE LTD,83.70,3/4/20 -&nbsp13:51:01,-1.30,-1.53
SSA,SISTEMA PJSFC-REG S SPONS GDR,4.84,3/4/20 -&nbsp13:16:10,-0.06,-1.31
SCRF,SME CREDIT REALISATION FUND LT,86.49,1/13/20 -&nbsp16:26:31,+3.49,+4.20
SN,SMITH & NEPHEW PLC,1777.50,3/4/20 -&nbsp13:51:08,-16.50,-0.92
SMIN,SMITHS GROUP PLC,1582.50,3/4/20 -&nbsp13:51:08,+25.00,+1.61
SSON,SMITHSON INVESTMENT TRUST,1282.00,3/4/20 -&nbsp13:44:38,+34.00,+2.72
SKG,SMURFIT KAPPA GROUP PLC,2740.00,3/4/20 -&nbsp13:46:12,+56.00,+2.09
SNGR,SOCIETATEA NATIONAL-GDR REGS,-,-,-,-
SCT,SOFTCAT PLC,1062.00,3/4/20 -&nbsp13:39:40,+3.00,+0.28
SOLG,SOLGOLD PLC,17.20,3/4/20 -&nbsp09:36:42,-0.06,-0.35
S32,SOUTH32 LTD,119.30,3/4/20 -&nbsp13:49:22,+2.72,+2.33
SXS,SPECTRIS PLC,2818.00,3/4/20 -&nbsp13:50:00,+32.00,+1.15
SDY,SPEEDY HIRE PLC,75.20,3/4/20 -&nbsp12:03:58,-0.60,-0.79
SPX,SPIRAX-SARCO ENGINEERING PLC,8880.00,3/4/20 -&nbsp13:48:31,+125.00,+1.43
SPI,SPIRE HEALTHCARE GROUP PLC,114.60,3/4/20 -&nbsp12:30:49,+2.80,+2.50
SPT,SPIRENT COMMUNICATIONS PLC,213.50,3/4/20 -&nbsp13:51:33,-2.50,-1.16
SPO,SPORTECH PLC,29.60,2/27/20 -&nbsp14:29:38,+1.10,+3.86
SQN,SQN ASSET FINANCE INCOME FUN,49.00,2/13/20 -&nbsp13:22:45,0.00,+0.00
SQNX,SQN ASSET FINANCE INCOME-C,85.50,1/13/20 -&nbsp14:51:18,+9.00,+11.76
SSE,SSE PLC,1621.00,3/4/20 -&nbsp13:51:27,+43.00,+2.72
SSPG,SSP GROUP PLC,486.00,3/4/20 -&nbsp13:51:35,-6.00,-1.22
STJ,ST JAMES'S PLACE PLC,1003.50,3/4/20 -&nbsp13:44:00,-12.50,-1.23
SMP,ST. MODWEN PROPERTIES PLC,483.00,3/4/20 -&nbsp13:38:02,+9.00,+1.90
SGC,STAGECOACH GROUP PLC,121.50,3/4/20 -&nbsp13:49:04,+0.80,+0.66
STAN,STANDARD CHARTERED PLC,558.40,3/4/20 -&nbsp13:51:33,+20.20,+3.75
SLA,STANDARD LIFE ABERDEEN PLC,287.30,3/4/20 -&nbsp13:49:37,+7.40,+2.64
SLI,STANDARD LIFE INV PROP INC,90.00,3/4/20 -&nbsp12:49:50,+0.40,+0.45
SLPE,STANDARD LIFE PRIVATE EQUITY,338.00,3/2/20 -&nbsp15:40:28,-17.00,-4.79
SLS,STANDARD LIFE UK SMALLER CO,562.00,2/26/20 -&nbsp10:55:26,+4.00,+0.72
SWEF,STARWOOD EUROPEAN REAL ESTAT,103.00,2/26/20 -&nbsp09:57:05,+2.00,+1.98
SBID,STATE BANK OF INDI-GDR REG S,40.20,3/3/20 -&nbsp16:26:54,-0.45,-1.11
STEM,STHREE PLC,320.00,3/3/20 -&nbsp14:41:16,-3.50,-1.08
STOB,STOBART GROUP LTD,79.80,3/4/20 -&nbsp11:03:29,-1.00,-1.24
STCK,STOCK SPIRITS GROUP PLC,193.40,3/4/20 -&nbsp08:06:22,+7.40,+3.98
SEC,STRATEGIC EQUITY CAPITAL PLC,-,-,-,-
STU,STUDIO RETAIL GROUP PLC,229.00,2/24/20 -&nbsp16:28:05,+26.00,+12.81
STVG,STV GROUP PLC,420.00,3/2/20 -&nbsp09:01:16,0.00,+0.00
SDRY,SUPERDRY PLC,298.40,3/4/20 -&nbsp13:23:25,-0.80,-0.27
SGGD,SURGUTNEFTEGAS-SP ADR,5.88,3/4/20 -&nbsp10:38:36,-0.02,-0.42
SYNC,SYNCONA LTD,246.25,3/4/20 -&nbsp13:42:37,+2.25,+0.92
SYNT,SYNTHOMER PLC,277.20,3/4/20 -&nbsp13:49:01,+0.20,+0.07
TALK,TALKTALK TELECOM GROUP,111.20,3/4/20 -&nbsp13:21:54,+1.90,+1.74
THRL,TARGET HEALTHCARE REIT PLC,120.00,3/4/20 -&nbsp11:59:27,+1.00,+0.84
TTST,TATA STEEL LTD-GDR REG S,6.64,2/6/20 -&nbsp15:10:36,+1.50,+29.18
TATE,TATE & LYLE PLC,730.20,3/4/20 -&nbsp13:51:33,+3.20,+0.44
ATAD,TATNEFT PAO-SPONSORED ADR,63.19,3/4/20 -&nbsp13:46:45,+1.79,+2.92
TW,TAYLOR WIMPEY PLC,211.90,3/4/20 -&nbsp13:51:32,+4.10,+1.97
TBCG,TBC BANK GROUP PLC,1262.00,3/4/20 -&nbsp11:45:31,-14.00,-1.10
TCS,TCS GROUP HOLDING -REG S,22.00,3/4/20 -&nbsp13:47:04,+0.55,+2.56
TED,TED BAKER PLC,251.40,3/4/20 -&nbsp09:49:18,-4.00,-1.57
TEEG,TELECOM EGYPT-GDR REG S,-,-,-,-
TEP,TELECOM PLUS PLC,1356.00,3/4/20 -&nbsp13:49:59,+18.00,+1.35
TMPL,TEMPLE BAR INVESTMENT TRUST,1174.00,3/2/20 -&nbsp14:24:10,-36.00,-2.98
TEM,TEMPLETON EMERGING MARKETS-O,793.00,3/3/20 -&nbsp16:28:56,+1.00,+0.13
TSCO,TESCO PLC,240.10,3/4/20 -&nbsp13:50:14,+5.00,+2.13
WRKS,THEWORKS.CO.UK PLC,37.00,3/4/20 -&nbsp10:33:52,+1.50,+4.23
TPOS,THIRD POINT OFFSHORE INV LTD,-,-,-,-
TPOU,THIRD POINT OFFSHORE INV LTD,15.60,3/2/20 -&nbsp16:01:20,-0.30,-1.89
TIFS,TI FLUID SYSTEMS PLC,196.80,3/4/20 -&nbsp13:44:24,+1.40,+0.72
TMKS,TMK PAO-GDR REG S,3.20,3/4/20 -&nbsp12:34:46,+0.04,+1.43
TPT,TOPPS TILES PLC,54.00,3/4/20 -&nbsp12:43:41,-5.00,-8.47
TTA,TOTAL SA,39.66,3/3/20 -&nbsp14:40:28,+0.27,+0.70
TOWN,TOWN CENTRE SECURITIES PLC,210.00,3/4/20 -&nbsp13:13:54,0.00,+0.00
TCAP,TP ICAP PLC,390.0,3/4/20 -&nbsp13:50:08,10.1,2.66
TRG,TR EUROPEAN GROWTH TRUST PLC,866.5,3/2/20 -&nbsp09:53:22,1.5,0.17
TRY,TR PROPERTY INVESTMENT TRUST,464.5,3/3/20 -&nbsp15:23:58,2.5,0.54
TRN,TRAINLINE PLC,485.5,3/4/20 -&nbsp13:44:40,10.0,2.1
TPK,TRAVIS PERKINS PLC,1435.0,3/4/20 -&nbsp13:49:25,-37.5,-2.55
TET,TREATT PLC,480.0,3/4/20 -&nbsp13:06:36,5.0,1.05
TRI,TRIFAST PLC,129.0,3/4/20 -&nbsp08:20:09,0.5,0.39
SOHO,TRIPLE POINT SOCIAL HOUSING,95.3,3/3/20 -&nbsp16:07:12,0.9,0.95
BBOX,TRITAX BIG BOX REIT PLC,137.4,3/4/20 -&nbsp13:51:22,1.4,1.03
TIGT,TROY INCOME & GROWTH TRUST P,82.6,2/25/20 -&nbsp16:23:54,2.8,3.51
TTG,TT ELECTRONICS PLC,198.75,3/4/20 -&nbsp10:51:12,7.75,4.06
TUI,TUI AG-DI,606.0,3/4/20 -&nbsp13:51:33,-2.8,-0.46
TLW,TULLOW OIL PLC,32.6,3/4/20 -&nbsp13:42:52,0.02,0.06
TFIF,TWENTYFOUR INCOME FUND LTD,110.5,3/3/20 -&nbsp12:02:14,1.0,0.91
SMIF,TWENTYFOUR SELECT MONTHLY IN,93.6,2/28/20 -&nbsp14:27:40,-0.4,-0.43
TYMN,TYMAN PLC,242.5,3/2/20 -&nbsp16:21:42,-6.5,-2.61
UAI,U AND I GROUP PLC,169.6,3/3/20 -&nbsp16:29:50,3.7,2.23
UDG,UDG HEALTHCARE PLC,729.5,3/4/20 -&nbsp13:49:32,8.0,1.11
UKCM,UK COMMERCIAL PROPERTY TRUST,84.6,3/4/20 -&nbsp13:40:03,1.9,2.3
ULE,ULTRA ELECTRONICS HLDGS PLC,1984.0,3/4/20 -&nbsp13:47:38,21.0,1.07
ULVR,UNILEVER PLC,4429.0,3/4/20 -&nbsp13:50:06,46.5,1.06
UTG,UNITE GROUP PLC,1159.0,3/4/20 -&nbsp13:51:07,4.0,0.35
UU,UNITED UTILITIES GROUP PLC,1002.5,3/4/20 -&nbsp13:49:45,22.9,2.34
UPGS,UP GLBL SOURCING HOLDINGS PLC,63.7,2/26/20 -&nbsp10:17:06,-1.8,-2.75
UANC,URBAN & CIVIC PLC,344.0,3/4/20 -&nbsp13:35:56,0.0,0.0
UEM,UTILICO EMERGING MARKETS LTD,203.0,2/28/20 -&nbsp15:02:48,-7.0,-3.33
VIN,VALUE AND INCOME TRUST PLC,260.0,12/10/19 -&nbsp15:47:53,19.0,7.88
VEC,VECTURA GROUP PLC,92.5,3/4/20 -&nbsp13:49:23,4.5,5.11
VSVS,VESUVIUS PLC,433.0,3/4/20 -&nbsp13:50:40,2.4,0.56
VCT,VICTREX PLC,2178.0,3/4/20 -&nbsp13:50:02,50.0,2.35
VEIL,VIETNAM ENTERPRISE INV LTD-C,420.5,3/4/20 -&nbsp09:40:43,0.5,0.12
VOF,VINACAPITAL VIETNAM OPPORTUN,290.0,3/4/20 -&nbsp11:59:57,5.0,1.75
VMUK,VIRGIN MONEY UK PLC,146.9,3/4/20 -&nbsp13:49:31,-0.55,-0.37
VTY,VISTRY GROUP PLC,1313.0,3/4/20 -&nbsp13:28:21,2.0,0.15
VTC,VITEC GROUP PLC/THE,872.0,3/4/20 -&nbsp13:38:13,2.0,0.23
VVO,VIVO ENERGY PLC,97.6,3/4/20 -&nbsp11:54:39,-6.4,-6.15
VOD,VODAFONE GROUP PLC,137.68,3/4/20 -&nbsp13:51:34,4.16,3.12
VLX,VOLEX PLC,130.75,3/4/20 -&nbsp11:07:44,5.75,4.6
FAN,VOLUTION GROUP PLC,210.5,3/4/20 -&nbsp11:16:58,0.5,0.24
VP,VP PLC,952.0,3/3/20 -&nbsp16:01:49,-36.0,-3.64
VSL,VPC SPECIALTY LENDING INVEST,80.4,3/3/20 -&nbsp16:29:32,0.0,0.0
VTBR,VTB BANK JSC -GDR-REG S,1.32,3/4/20 -&nbsp12:51:08,0.02,1.3
WOSG,WATCHES OF SWITZERLAND GROUP,346.6,3/4/20 -&nbsp13:29:54,6.0,1.76
WEIR,WEIR GROUP PLC/THE,1318.5,3/4/20 -&nbsp13:51:30,46.0,3.61
JDW,WETHERSPOON (J.D.) PLC,1345.0,3/4/20 -&nbsp13:04:40,17.0,1.28
SMWH,WH SMITH PLC,1931.0,3/4/20 -&nbsp13:51:28,-21.0,-1.08
WTB,WHITBREAD PLC,3710.0,3/4/20 -&nbsp13:51:29,-58.0,-1.54
WMH,WILLIAM HILL PLC,142.3,3/4/20 -&nbsp13:48:38,-4.0,-2.73
WIL,WILMINGTON PLC,250.0,2/26/20 -&nbsp12:57:17,19.0,8.23
WIN,WINCANTON PLC,267.0,3/4/20 -&nbsp13:25:42,4.0,1.52
WTAN,WITAN INVESTMENT TRUST PLC,204.75,3/4/20 -&nbsp13:16:43,3.25,1.61
WPC,WITAN PACIFIC INVESTMENT TR,327.0,2/27/20 -&nbsp14:49:47,-2.0,-0.61
WIZZ,WIZZ AIR HOLDINGS PLC,3450.0,3/4/20 -&nbsp13:49:42,65.0,1.92
MRW,WM MORRISON SUPERMARKETS,184.1,3/4/20 -&nbsp13:51:28,8.0,4.54
WG,WOOD GROUP (JOHN) PLC,372.1,3/4/20 -&nbsp13:48:33,12.3,3.42
WKP,WORKSPACE GROUP PLC,1165.0,3/4/20 -&nbsp13:51:01,-12.0,-1.02
WWH,WORLDWIDE HEALTHCARE TRUST P,3145.0,3/3/20 -&nbsp10:30:15,45.0,1.45
WPP,WPP PLC,767.0,3/4/20 -&nbsp13:51:33,12.0,1.59
FIVE,X 5 RETAIL GROUP NV-REGS GDR,32.02,3/4/20 -&nbsp13:49:59,0.14,0.42
XAR,XAAR PLC,38.0,2/28/20 -&nbsp09:30:37,-6.0,-13.64
XPS,XAFINITY PLC,151.50,2/14/20 -&nbsp16:09:36,+8.50,+5.94
XPP,XP POWER LTD,3260.00,3/4/20 -&nbsp11:07:52,+10.00,+0.31
ZENB,ZENITH BANK PLC-SP GDR-REG S,-,-,-,-
ZTF,ZOTEFOAMS PLC,315.00,3/4/20 -&nbsp12:55:54,0.00,+0.00
